{"acidification": {"Base": 569575317.1116089, "PkBudg1000": 563207860.8104559, "PkBudg650": 561155185.4857575, "static": 596633456.202767}, "climate change": {"Base": 24322226261.503197, "PkBudg1000": 22639227628.04974, "PkBudg650": 21719767279.453262, "static": 29037152756.061184}, "climate change: biogenic": {"Base": 46737530.415809184, "PkBudg1000": 46292390.450630106, "PkBudg650": 47124826.10583304, "static": 50271445.374299735}, "climate change: fossil": {"Base": 24240074380.978226, "PkBudg1000": 22558139169.962738, "PkBudg650": 21637111198.01151, "static": 28947173705.535}, "climate change: land use and land use change": {"Base": 35414350.109159224, "PkBudg1000": 34796067.6363665, "PkBudg650": 35531255.33591883, "static": 39707605.15188016}, "ecotoxicity: freshwater": {"Base": 958517362629.891, "PkBudg1000": 958025390820.3845, "PkBudg650": 958184852030.5194, "static": 978830768501.2625}, "ecotoxicity: freshwater, inorganics": {"Base": 947909213131.9158, "PkBudg1000": 946472047787.3927, "PkBudg650": 946204258632.9935, "static": 967829676131.1459}, "ecotoxicity: freshwater, organics": {"Base": 10608149497.975012, "PkBudg1000": 11553343032.991833, "PkBudg650": 11980593397.526031, "static": 11001092370.116375}, "energy resources: non-renewable": {"Base": 271051057704.02448, "PkBudg1000": 253928023517.6022, "PkBudg650": 243038751059.69727, "static": 318401662127.9583}, "eutrophication: freshwater": {"Base": 2119035.3027332756, "PkBudg1000": 2040673.0599317935, "PkBudg650": 2024103.6760134967, "static": 2333250.5097127953}, "eutrophication: marine": {"Base": 38467353.7452135, "PkBudg1000": 37629312.507638074, "PkBudg650": 37105481.90073008, "static": 42487757.92857217}, "eutrophication: terrestrial": {"Base": 466095000.1100533, "PkBudg1000": 453768124.7486805, "PkBudg650": 447146339.6002498, "static": 511827749.1346781}, "human toxicity: carcinogenic": {"Base": 74.17079854664178, "PkBudg1000": 73.88465514710033, "PkBudg650": 73.95809788425646, "static": 74.77409796244777}, "human toxicity: carcinogenic, inorganics": {"Base": 58.20374912700957, "PkBudg1000": 58.54700780396027, "PkBudg650": 59.149951980783335, "static": 57.98190730719719}, "human toxicity: carcinogenic, organics": {"Base": 15.967049419632218, "PkBudg1000": 15.337647343140063, "PkBudg650": 14.80814590347313, "static": 16.79219065525059}, "human toxicity: non-carcinogenic": {"Base": 5219.095648738752, "PkBudg1000": 5224.648585843518, "PkBudg650": 5230.832850006846, "static": 5214.132291764553}, "human toxicity: non-carcinogenic, inorganics": {"Base": 5079.903849454164, "PkBudg1000": 5085.613691271709, "PkBudg650": 5091.909681629173, "static": 5074.171857936757}, "human toxicity: non-carcinogenic, organics": {"Base": 139.19179928458934, "PkBudg1000": 139.03489457180817, "PkBudg650": 138.92316837767237, "static": 139.96043382779627}, "ionising radiation: human health": {"Base": 553140453.8030143, "PkBudg1000": 544445388.3561635, "PkBudg650": 563289302.2127328, "static": 594907227.0053164}, "land use": {"Base": 165535472148.98132, "PkBudg1000": 174901350903.64264, "PkBudg650": 188313600411.86478, "static": 162142478813.68723}, "material resources: metals/minerals": {"Base": 1977688.327772708, "PkBudg1000": 1982237.2827185257, "PkBudg650": 1987783.0475406297, "static": 1968104.8281456355}, "ozone depletion": {"Base": 243.1607195933878, "PkBudg1000": 238.90629197291344, "PkBudg650": 237.71195683592336, "static": 251.5622646322438}, "particulate matter formation": {"Base": 2151.933827056635, "PkBudg1000": 2094.5382145203876, "PkBudg650": 2065.5723115495457, "static": 2422.2834469533514}, "photochemical oxidant formation: human health": {"Base": 158571552.0838629, "PkBudg1000": 154112719.38246757, "PkBudg650": 151419465.56028208, "static": 171959130.33732367}, "water use": {"Base": 14320321055.570429, "PkBudg1000": 14254297423.179867, "PkBudg650": 14257452460.382467, "static": 14809159372.638683}}