{"acidification": {"Base": 580255792.3848414, "PkBudg650": 572439942.2931807, "PkBudg1000": 575338740.6379579, "static": 603904117.2197936}, "climate change": {"Base": 25834560473.68773, "PkBudg650": 23161928567.993195, "PkBudg1000": 24243447583.153023, "static": 30180154097.77014}, "climate change: biogenic": {"Base": 47478458.711364545, "PkBudg650": 47938129.026053004, "PkBudg1000": 47149142.62641566, "static": 50763519.4326389}, "climate change: fossil": {"Base": 25749875661.937626, "PkBudg650": 23076467863.373585, "PkBudg1000": 24159395781.06173, "static": 30088573428.64361}, "climate change: land use and land use change": {"Base": 37206353.03873891, "PkBudg650": 37522575.593562305, "PkBudg1000": 36902659.46487896, "static": 40817149.69389144}, "ecotoxicity: freshwater": {"Base": 960635979458.5079, "PkBudg650": 960093076806.3279, "PkBudg1000": 960144117801.5459, "static": 980619575104.3541}, "ecotoxicity: freshwater, inorganics": {"Base": 949355119771.6177, "PkBudg650": 947354173439.8112, "PkBudg1000": 947792694908.4539, "static": 969220810716.1718}, "ecotoxicity: freshwater, organics": {"Base": 11280859686.89018, "PkBudg650": 12738903366.516518, "PkBudg1000": 12351422893.091822, "static": 11398764388.182468}, "energy resources: non-renewable": {"Base": 286102543878.8085, "PkBudg650": 257515920177.34436, "PkBudg1000": 270065620230.6745, "static": 329640646213.5923}, "eutrophication: freshwater": {"Base": 2161672.6674966165, "PkBudg650": 2058241.9137367941, "PkBudg1000": 2078926.0669909976, "static": 2366491.471885156}, "eutrophication: marine": {"Base": 40313632.64241365, "PkBudg650": 39045203.8202165, "PkBudg1000": 39726475.26419524, "static": 43727224.393541135}, "eutrophication: terrestrial": {"Base": 486508479.2477385, "PkBudg650": 468549004.88190395, "PkBudg1000": 476924447.5244231, "static": 525534368.20822763}, "human toxicity: carcinogenic": {"Base": 75.56549345787172, "PkBudg650": 75.50087461949371, "PkBudg1000": 75.51984922732225, "static": 75.58790503051998}, "human toxicity: carcinogenic, inorganics": {"Base": 58.36150901452521, "PkBudg650": 59.320932452620276, "PkBudg1000": 58.72712197785529, "static": 58.0861692502626}, "human toxicity: carcinogenic, organics": {"Base": 17.203984443346517, "PkBudg650": 16.179942166873445, "PkBudg1000": 16.792727249466953, "static": 17.501735780257384}, "human toxicity: non-carcinogenic": {"Base": 5225.383197289795, "PkBudg650": 5237.091972454183, "PkBudg1000": 5231.425062969192, "static": 5218.903025613792}, "human toxicity: non-carcinogenic, inorganics": {"Base": 5086.083070968171, "PkBudg650": 5098.0853970963835, "PkBudg1000": 5092.289901985604, "static": 5078.826477797214}, "human toxicity: non-carcinogenic, organics": {"Base": 139.30012632162394, "PkBudg650": 139.00657535779825, "PkBudg1000": 139.13516098358778, "static": 140.07654781657862}, "ionising radiation: human health": {"Base": 586380632.7978891, "PkBudg650": 600251638.26175, "PkBudg1000": 583413561.2783874, "static": 613095050.8503748}, "land use": {"Base": 169703716135.41397, "PkBudg650": 193678787722.98123, "PkBudg1000": 180235671662.88785, "static": 164166101402.90796}, "material resources: metals/minerals": {"Base": 1978365.495149646, "PkBudg650": 1989155.2586304399, "PkBudg1000": 1983424.435616581, "static": 1968022.9745596303}, "ozone depletion": {"Base": 254.20516916084625, "PkBudg650": 249.6197583595137, "PkBudg1000": 251.7215104735454, "static": 258.2406866393264}, "particulate matter formation": {"Base": 2280.415581075843, "PkBudg650": 2199.5788629461626, "PkBudg1000": 2239.4675635747853, "static": 2509.491900111842}, "photochemical oxidant formation: human health": {"Base": 165105863.96774754, "PkBudg650": 158302249.88151437, "PkBudg1000": 161555958.31368703, "static": 176268882.42890903}, "water use": {"Base": 14594535667.693087, "PkBudg650": 14547751185.514486, "PkBudg1000": 14566382142.068611, "static": 14988739038.526905}}