{"acidification": {"Base": 531051726.22146887, "RCP19": 505580497.53084314, "RCP26": 520068044.8003826, "static": 538141675.8615714}, "climate change": {"Base": 29896273348.630817, "RCP19": 21871315326.232456, "RCP26": 27072153322.165176, "static": 30767410544.262554}, "climate change: biogenic": {"Base": 40056841.667229876, "RCP19": 44411369.71102766, "RCP26": 42279947.89249735, "static": 40757649.329030804}, "climate change: fossil": {"Base": 29803470265.426407, "RCP19": 21769700048.095093, "RCP26": 26974209198.20927, "static": 30669692420.735184}, "climate change: land use and land use change": {"Base": 52746241.53718283, "RCP19": 57203908.42633443, "RCP26": 55664176.063409165, "static": 56960474.1983437}, "ecotoxicity: freshwater": {"Base": 841499072405.1937, "RCP19": 798766984964.4382, "RCP26": 817700743245.883, "static": 831019180506.871}, "ecotoxicity: freshwater, inorganics": {"Base": 659883288032.0784, "RCP19": 636333940072.5328, "RCP26": 648541362829.3896, "static": 662425826127.228}, "ecotoxicity: freshwater, organics": {"Base": 181615784373.11545, "RCP19": 162433044891.90555, "RCP26": 169159380416.4934, "static": 168593354379.64297}, "energy resources: non-renewable": {"Base": 316632633996.52356, "RCP19": 271107271159.36343, "RCP26": 297166019906.918, "static": 326337567376.81213}, "eutrophication: freshwater": {"Base": 2552955.554015501, "RCP19": 2206094.447944351, "RCP26": 2360216.9793025577, "static": 2565179.4599775313}, "eutrophication: marine": {"Base": 33690598.49069782, "RCP19": 30560684.780895617, "RCP26": 32652591.686881024, "static": 34408799.3881724}, "eutrophication: terrestrial": {"Base": 449579943.75714207, "RCP19": 415743848.1571246, "RCP26": 438640132.3413195, "static": 457757896.41022944}, "human toxicity: carcinogenic": {"Base": 832.9640635692758, "RCP19": 747.8047539544576, "RCP26": 777.7261313621718, "static": 775.7735825579738}, "human toxicity: carcinogenic, inorganics": {"Base": 49.141080258394766, "RCP19": 48.63837341735517, "RCP26": 48.8948300532809, "static": 49.165864865594465}, "human toxicity: carcinogenic, organics": {"Base": 783.822983310881, "RCP19": 699.1663805371024, "RCP26": 728.8313013088909, "static": 726.6077176923793}, "human toxicity: non-carcinogenic": {"Base": 4889.378654449216, "RCP19": 4853.312917795092, "RCP26": 4874.56339134824, "static": 4889.7609029528885}, "human toxicity: non-carcinogenic, inorganics": {"Base": 4606.664543666157, "RCP19": 4571.816572875996, "RCP26": 4592.192161346841, "static": 4606.910799231279}, "human toxicity: non-carcinogenic, organics": {"Base": 282.7141107830593, "RCP19": 281.49634491909603, "RCP26": 282.37123000139775, "static": 282.85010372160906}, "ionising radiation: human health": {"Base": 529803258.34987617, "RCP19": 822478512.2040328, "RCP26": 606446792.3397795, "static": 551579367.2689712}, "land use": {"Base": 204435069348.62515, "RCP19": 208569957219.8598, "RCP26": 204930140291.43408, "static": 201527388688.99844}, "material resources: metals/minerals": {"Base": 6061048.05712156, "RCP19": 6063703.810103998, "RCP26": 6061601.556610434, "static": 6060550.245524871}, "ozone depletion": {"Base": 263.69623345896105, "RCP19": 267.435755296242, "RCP26": 265.9569988890718, "static": 265.3818691274404}, "particulate matter formation": {"Base": 2625.1957503805465, "RCP19": 2368.580668842658, "RCP26": 2569.1081768600557, "static": 2786.330097927108}, "photochemical oxidant formation: human health": {"Base": 150653618.93251234, "RCP19": 140483976.22399396, "RCP26": 147066030.63740733, "static": 153384087.84487376}, "water use": {"Base": 11372594117.748344, "RCP19": 11314796503.913538, "RCP26": 11454953929.022509, "static": 11583263919.177998}}