{"acidification": {"Base": 569575317.1635888, "PkBudg1000": 563207860.9070983, "PkBudg650": 561155185.5880064, "static": 596633457.1941562}, "climate change": {"Base": 24322226286.17181, "PkBudg1000": 22639227645.02939, "PkBudg650": 21719767291.730225, "static": 29037152929.81101}, "climate change: biogenic": {"Base": 46737530.558710344, "PkBudg1000": 46292390.59741585, "PkBudg650": 47124826.25441264, "static": 50271446.85965334}, "climate change: fossil": {"Base": 24240074405.470757, "PkBudg1000": 22558139186.76182, "PkBudg650": 21637111210.110847, "static": 28947173877.44727}, "climate change: land use and land use change": {"Base": 35414350.14234603, "PkBudg1000": 34796067.67015067, "PkBudg650": 35531255.36496454, "static": 39707605.504081115}, "ecotoxicity: freshwater": {"Base": 958517362645.888, "PkBudg1000": 958025390870.6589, "PkBudg650": 958184852083.7411, "static": 978830769045.9813}, "ecotoxicity: freshwater, inorganics": {"Base": 947909213142.758, "PkBudg1000": 946472047830.9761, "PkBudg650": 946204258680.8497, "static": 967829676588.7574}, "ecotoxicity: freshwater, organics": {"Base": 10608149503.12983, "PkBudg1000": 11553343039.682901, "PkBudg650": 11980593402.891144, "static": 11001092457.223883}, "energy resources: non-renewable": {"Base": 271051057869.867, "PkBudg1000": 253928023693.18158, "PkBudg650": 243038751264.56985, "static": 318401663955.25995}, "eutrophication: freshwater": {"Base": 2119035.3033125903, "PkBudg1000": 2040673.0606670715, "PkBudg650": 2024103.6767467824, "static": 2333250.5173671143}, "eutrophication: marine": {"Base": 38467353.76009969, "PkBudg1000": 37629312.52411531, "PkBudg650": 37105481.92006654, "static": 42487758.099681444}, "eutrophication: terrestrial": {"Base": 466095000.49242693, "PkBudg1000": 453768125.15335655, "PkBudg650": 447146340.02647305, "static": 511827753.26354736}, "human toxicity: carcinogenic": {"Base": 74.17079854994644, "PkBudg1000": 73.88465515284224, "PkBudg650": 73.95809789024386, "static": 74.77409802280918}, "human toxicity: carcinogenic, inorganics": {"Base": 58.203749127129115, "PkBudg1000": 58.54700780540918, "PkBudg650": 59.14995198259258, "static": 57.98190732331981}, "human toxicity: carcinogenic, organics": {"Base": 15.967049422817325, "PkBudg1000": 15.33764734743307, "PkBudg650": 14.808145907651278, "static": 16.79219069948937}, "human toxicity: non-carcinogenic": {"Base": 5219.095648868042, "PkBudg1000": 5224.648586067279, "PkBudg650": 5230.832850236379, "static": 5214.132294101845}, "human toxicity: non-carcinogenic, inorganics": {"Base": 5079.903849585158, "PkBudg1000": 5085.6136914934805, "PkBudg650": 5091.909681856425, "static": 5074.171860252051}, "human toxicity: non-carcinogenic, organics": {"Base": 139.19179928288304, "PkBudg1000": 139.03489457379845, "PkBudg650": 138.92316837995497, "static": 139.96043384979313}, "ionising radiation: human health": {"Base": 553140454.1678005, "PkBudg1000": 544445388.9395673, "PkBudg650": 563289302.5372514, "static": 594907231.0194234}, "land use": {"Base": 165535469453.37704, "PkBudg1000": 174901351218.61655, "PkBudg650": 188313599839.74942, "static": 162142475995.2891}, "material resources: metals/minerals": {"Base": 1977688.327787504, "PkBudg1000": 1982237.2828513097, "PkBudg650": 1987783.0474600317, "static": 1968104.8290086}, "ozone depletion": {"Base": 243.16071973707787, "PkBudg1000": 238.90629208750482, "PkBudg650": 237.71195702505662, "static": 251.5622659627644}, "particulate matter formation": {"Base": 2151.9338283154575, "PkBudg1000": 2094.5382159530973, "PkBudg650": 2065.572313154309, "static": 2422.2834616370747}, "photochemical oxidant formation: human health": {"Base": 158571552.1249321, "PkBudg1000": 154112719.43200684, "PkBudg650": 151419465.61846876, "static": 171959130.8580883}, "water use": {"Base": 14320321060.07545, "PkBudg1000": 14254297427.71207, "PkBudg650": 14257452465.058167, "static": 14809159420.505642}}